estado,detalle,ciudad,fecha,recaudo,flete,transportadora
TRANSITO,Para Reclamar en Oficina,SAN JUAN DE URABA,46243,80000,22220,INTERRAPIDISIMO
NOVEDAD,En confirmacion telefonica,COROZAL,46243,80558,20558,INTERRAPIDISIMO
FINALIZADA,Entrega Exitosa,BOGOTA,46243,73266,13266,INTERRAPIDISIMO
FINALIZADA,Entrega Exitosa,BOGOTA,46243,73266,13266,INTERRAPIDISIMO
FINALIZADA,Devuelto al Remitente,CARTAGENA,46243,140262,30262,INTERRAPIDISIMO
GENERADA,,CARTAGENA,46243,150998,30998,INTERRAPIDISIMO
FINALIZADA,Entrega Exitosa,BARRANCABERMEJA,46243,82363,22363,INTERRAPIDISIMO
NOVEDAD,En confirmacion telefonica,CERETE,46243,140000,30280,INTERRAPIDISIMO
FINALIZADA,Entrega Exitosa,APARTADO,46243,80558,20558,INTERRAPIDISIMO
FINALIZADA,Entrega Exitosa,REMEDIOS,46243,150473,30473,INTERRAPIDISIMO
FINALIZADA,Entrega Exitosa,CARTAGENA,46243,75000,20195,INTERRAPIDISIMO
TRANSITO,Para Reclamar en Oficina,CHINCHINA,46243,80558,20558,INTERRAPIDISIMO
NOVEDAD,En Proceso de Devolucion,DONCELLO,46243,82363,22363,INTERRAPIDISIMO
TRANSITO,Para Reclamar en Oficina,EL RETORNO,46243,82363,22363,INTERRAPIDISIMO
NOVEDAD,Para Reclamar en Oficina,YOPAL,46243,76048,16048,INTERRAPIDISIMO
FINALIZADA,Entrega Exitosa,NORCASIA,46243,76048,16048,INTERRAPIDISIMO
FINALIZADA,Entrega Exitosa,MEDELLIN,46243,80558,20558,INTERRAPIDISIMO
TRANSITO,En distribucion urbana,BUENAVENTURA,46243,80558,20558,INTERRAPIDISIMO
TRANSITO,Para Reclamar en Oficina,PUERTO TEJADA,46242,80558,20558,INTERRAPIDISIMO
FINALIZADA,Entrega Exitosa,BOGOTA,46242,73266,13266,INTERRAPIDISIMO
NOVEDAD,Para nuevo intento de entrega,MONTERIA,46241,80558,20558,INTERRAPIDISIMO
TRANSITO,Para Reclamar en Oficina,NEMOCON,46241,76048,16048,INTERRAPIDISIMO
NOVEDAD,Para nuevo intento de entrega,SAMPUES,46241,80558,20558,INTERRAPIDISIMO
FINALIZADA,Entrega Exitosa,ALGECIRAS,46241,82363,22363,INTERRAPIDISIMO
TRANSITO,Para Reclamar en Oficina,SAN RAFAEL,46241,82363,22363,INTERRAPIDISIMO
TRANSITO,Para Reclamar en Oficina,CALDONO,46241,82363,22363,INTERRAPIDISIMO
FINALIZADA,Entrega Exitosa,CARTAGENA,46241,80558,20558,INTERRAPIDISIMO
TRANSITO,Para Reclamar en Oficina,SUESCA,46241,76048,16048,INTERRAPIDISIMO
FINALIZADA,Entrega Exitosa,MONTERIA,46241,80558,20558,INTERRAPIDISIMO
FINALIZADA,Entrega Exitosa,CALI,46241,148670,28670,INTERRAPIDISIMO
FINALIZADA,Entrega Exitosa,VITERBO,46241,82363,22363,INTERRAPIDISIMO
TRANSITO,Para Reclamar en Oficina,TIMANA,46241,82363,22363,INTERRAPIDISIMO
FINALIZADA,Entrega Exitosa,TUNJA,46240,76048,16048,INTERRAPIDISIMO
FINALIZADA,Entrega Exitosa,COROZAL,46240,150998,30998,INTERRAPIDISIMO
FINALIZADA,Devuelto al Remitente,BOGOTA,46240,73266,13266,INTERRAPIDISIMO
ELIMINADA,,BOGOTA,46240,140550,20550,INTERRAPIDISIMO
FINALIZADA,Entrega Exitosa,SAN ANDRES DE CUERQUIA,46240,82363,22363,INTERRAPIDISIMO
FINALIZADA,Entrega Exitosa,PEREIRA,46240,80558,20558,INTERRAPIDISIMO
FINALIZADA,Entrega Exitosa,BUENAVENTURA,46239,80558,20558,INTERRAPIDISIMO
FINALIZADA,Entrega Exitosa,BUGA,46239,80558,20558,INTERRAPIDISIMO
FINALIZADA,Entrega Exitosa,LIBANO,46239,82363,22363,INTERRAPIDISIMO
FINALIZADA,Entrega Exitosa,BARBOSA,46239,80558,20558,INTERRAPIDISIMO
PAGADA,Entrega Exitosa,MANIZALES,46239,148670,28670,INTERRAPIDISIMO
FINALIZADA,Entrega Exitosa,CARTAGENA,46239,80558,20558,INTERRAPIDISIMO
PAGADA,Entrega Exitosa,SABANETA,46238,80558,20558,INTERRAPIDISIMO
PAGADA,Entrega Exitosa,CUCUTA,46238,80558,20558,INTERRAPIDISIMO
FINALIZADA,Entrega Exitosa,PASTO,46238,150998,30998,INTERRAPIDISIMO
FINALIZADA,Entrega Exitosa,MONTERIA,46238,80558,20558,INTERRAPIDISIMO
PAGADA,Entrega Exitosa,ESPINAL,46238,76048,16048,INTERRAPIDISIMO
PAGADA,Entrega Exitosa,GUATAVITA,46238,76048,16048,INTERRAPIDISIMO
FINALIZADA,Devuelto al Remitente,CAJICA,46238,73266,13266,INTERRAPIDISIMO
PAGADA,Entrega Exitosa,BOGOTA,46238,73266,13266,INTERRAPIDISIMO
FINALIZADA,Devuelto al Remitente,BOGOTA,46238,73266,13266,INTERRAPIDISIMO
FINALIZADA,Devuelto al Remitente,BOGOTA,46238,73266,13266,INTERRAPIDISIMO
PAGADA,Devuelto al Remitente,NEIVA,46237,76048,16048,INTERRAPIDISIMO
FINALIZADA,Entrega Exitosa,URRAO,46237,82363,22363,INTERRAPIDISIMO
PAGADA,Entrega Exitosa,PEREIRA,46237,148670,28670,INTERRAPIDISIMO
ELIMINADA,,PEREIRA,46237,80558,20558,INTERRAPIDISIMO
FINALIZADA,Devuelto al Remitente,CUCUTA,46237,80558,20558,INTERRAPIDISIMO
PAGADA,Entrega Exitosa,FLORENCIA,46237,80558,20558,INTERRAPIDISIMO
PAGADA,Entrega Exitosa,MEDELLIN,46237,80558,20558,INTERRAPIDISIMO
TRANSITO,Para Reclamar en Oficina,CARTAGENA,46237,80558,20558,INTERRAPIDISIMO
FINALIZADA,Entrega Exitosa,ROSAS,46237,80558,20558,INTERRAPIDISIMO
FINALIZADA,Entrega Exitosa,GUACHUCAL,46237,82363,22363,INTERRAPIDISIMO
PAGADA,Entrega Exitosa,BOGOTA,46237,73266,13266,INTERRAPIDISIMO
FINALIZADA,Entrega Exitosa,CHIA,46237,73266,13266,INTERRAPIDISIMO
PAGADA,Entrega Exitosa,MEDELLIN,46237,148670,28670,INTERRAPIDISIMO
FINALIZADA,Entrega Exitosa,BUENAVISTA (COR),46237,82363,22363,INTERRAPIDISIMO
PAGADA,Entrega Exitosa,VILLANUEVA (C),46235,82363,22363,INTERRAPIDISIMO
FINALIZADA,Entrega Exitosa,BARRANQUILLA,46235,80558,20558,INTERRAPIDISIMO
PAGADA,Entrega Exitosa,PUERTO BOYACA,46235,143784,23784,INTERRAPIDISIMO
PAGADA,Entrega Exitosa,BOGOTA,46235,73266,13266,INTERRAPIDISIMO
PAGADA,Entrega Exitosa,PUERTO LOPEZ,46235,76048,16048,INTERRAPIDISIMO
FINALIZADA,Entrega Exitosa,APIA,46235,151375,31375,INTERRAPIDISIMO
PAGADA,Entrega Exitosa,BOGOTA,46235,73266,13266,INTERRAPIDISIMO
FINALIZADA,Entrega Exitosa,CARTAGENA,46235,80558,20558,INTERRAPIDISIMO
FINALIZADA,Entrega Exitosa,IZA,46235,82363,22363,INTERRAPIDISIMO
PAGADA,Devuelto al Remitente,BUCARAMANGA,46235,80558,20558,INTERRAPIDISIMO
TRANSITO,Para Reclamar en Oficina,MEDELLIN,46235,148670,28670,INTERRAPIDISIMO
PAGADA,Entrega Exitosa,MEDELLIN,46234,80558,20558,INTERRAPIDISIMO
PAGADA,Entrega Exitosa,CARTAGENA,46234,80558,20558,INTERRAPIDISIMO
PAGADA,Entrega Exitosa,SAN ANDRES DE CUERQUIA,46234,82363,22363,INTERRAPIDISIMO
FINALIZADA,Devuelto al Remitente,SANTA ROSA DE LIMA,46234,82363,22363,INTERRAPIDISIMO
PAGADA,Entrega Exitosa,BOGOTA,46234,73266,13266,INTERRAPIDISIMO
PAGADA,Entrega Exitosa,FUENTE DE ORO,46233,82363,22363,INTERRAPIDISIMO
PAGADA,Entrega Exitosa,RIONEGRO (ANT),46233,148670,28670,INTERRAPIDISIMO
PAGADA,Entrega Exitosa,PUERTO GAITAN,46233,82363,22363,INTERRAPIDISIMO
PAGADA,Devuelto al Remitente,ARJONA B,46233,82363,22363,INTERRAPIDISIMO
PAGADA,Entrega Exitosa,SESQUILE,46233,76048,16048,INTERRAPIDISIMO
PAGADA,Devuelto al Remitente,CARTAGENA,46232,80558,20558,INTERRAPIDISIMO
PAGADA,Devuelto al Remitente,BARRANQUILLA,46232,80558,20558,INTERRAPIDISIMO
PAGADA,Devuelto al Remitente,MARINILLA,46232,148670,28670,INTERRAPIDISIMO
PAGADA,Devuelto al Remitente,MEDELLIN,46232,80558,20558,INTERRAPIDISIMO
PAGADA,Entrega Exitosa,TUNJA,46232,76048,16048,INTERRAPIDISIMO
PAGADA,Entrega Exitosa,CARTAGENA,46232,80558,20558,INTERRAPIDISIMO
PAGADA,Entrega Exitosa,CHIA,46232,73266,13266,INTERRAPIDISIMO
PAGADA,Entrega Exitosa,YOPAL,46231,526698,76698,INTERRAPIDISIMO
PAGADA,Entrega Exitosa,CAUCASIA,46231,82363,22363,INTERRAPIDISIMO
PAGADA,Entrega Exitosa,MEDELLIN,46230,80558,20558,INTERRAPIDISIMO
PAGADA,Entrega Exitosa,SUPIA,46230,82363,22363,INTERRAPIDISIMO
PAGADA,Entrega Exitosa,SINCE,46230,88376,28376,INTERRAPIDISIMO
PAGADA,Entrega Exitosa,BUENAVENTURA,46230,148670,28670,INTERRAPIDISIMO
PAGADA,Entrega Exitosa,FLORIDA,46230,148670,28670,INTERRAPIDISIMO
FINALIZADA,Devuelto al Remitente,MOSQUERA,46230,73160,13260,INTERRAPIDISIMO
EMPACADA,Enviado,FLORIDA,46230,84133,24233,INTERRAPIDISIMO
PAGADA,Entrega Exitosa,CARTAGENA,46230,80451,20551,INTERRAPIDISIMO
PAGADA,Entrega Exitosa,BOGOTA,46230,73160,13260,INTERRAPIDISIMO
PAGADA,Entrega Exitosa,MEDELLIN,46230,80451,20551,INTERRAPIDISIMO
PAGADA,Entrega Exitosa,MEDELLIN,46230,80451,20551,INTERRAPIDISIMO
PAGADA,Entrega Exitosa,MEDELLIN,46230,80451,20551,INTERRAPIDISIMO
PAGADA,Entrega Exitosa,YOPAL,46230,75941,16041,INTERRAPIDISIMO
PAGADA,Entrega Exitosa,LA CRUZADA,46230,82255,22355,INTERRAPIDISIMO
PAGADA,Entrega Exitosa,VILLAVICENCIO,46230,75941,16041,INTERRAPIDISIMO
PAGADA,Entrega Exitosa,CISNEROS,46230,82255,22355,INTERRAPIDISIMO
PAGADA,Entrega Exitosa,VENTAQUEMADA,46230,80451,20551,INTERRAPIDISIMO
PAGADA,Entrega Exitosa,SEGOVIA,46230,82255,22355,INTERRAPIDISIMO
FINALIZADA,Entrega Exitosa,SAN JACINTO DEL CAUCA,46230,82255,22355,INTERRAPIDISIMO
GENERADA,,PUENTE QUETAME,46219,82031,22031,SERVIENTREGA
PAGADA,Entrega Exitosa,MACEO,46219,150473,30473,INTERRAPIDISIMO
PAGADA,Entrega Exitosa,SABANA DE TORRES,46218,82363,22363,INTERRAPIDISIMO
PAGADA,Entrega Exitosa,INZA,46218,82363,22363,INTERRAPIDISIMO
PAGADA,Entrega Exitosa,BURITICA,46218,82363,22363,INTERRAPIDISIMO
EMPACADA,Enviado,MACEO,46218,82363,22363,INTERRAPIDISIMO
